{"files":{"application-f58e7581c13bf150282c3f0c944a4fbc33ba5e55c5327aa1ba1f5021079d9a3c.js":{"logical_path":"application.js","mtime":"2020-04-12T14:10:25-04:00","size":26615,"digest":"f58e7581c13bf150282c3f0c944a4fbc33ba5e55c5327aa1ba1f5021079d9a3c","integrity":"sha256-9Y51gcE78VAoLD8MlEpPvDO6XlXFMnqhuh9QIQedmjw="},"application-55328fab70dacdafa3f8bff7bfc96e9e0849cc0ad4a4d8bc61f64f0183b2e958.css":{"logical_path":"application.css","mtime":"2020-04-08T18:10:13-04:00","size":347920,"digest":"55328fab70dacdafa3f8bff7bfc96e9e0849cc0ad4a4d8bc61f64f0183b2e958","integrity":"sha256-VTKPq3Daza+j+L/3v8lunghJzArUpNi8YfZPAYOy6Vg="},"bootstrap/glyphicons-halflings-regular-13634da87d9e23f8c3ed9108ce1724d183a39ad072e73e1b3d8cbf646d2d0407.eot":{"logical_path":"bootstrap/glyphicons-halflings-regular.eot","mtime":"2020-04-07T15:33:09-04:00","size":20127,"digest":"13634da87d9e23f8c3ed9108ce1724d183a39ad072e73e1b3d8cbf646d2d0407","integrity":"sha256-E2NNqH2eI/jD7ZEIzhck0YOjmtBy5z4bPYy/ZG0tBAc="},"bootstrap/glyphicons-halflings-regular-fe185d11a49676890d47bb783312a0cda5a44c4039214094e7957b4c040ef11c.woff2":{"logical_path":"bootstrap/glyphicons-halflings-regular.woff2","mtime":"2020-04-07T15:33:09-04:00","size":18028,"digest":"fe185d11a49676890d47bb783312a0cda5a44c4039214094e7957b4c040ef11c","integrity":"sha256-/hhdEaSWdokNR7t4MxKgzaWkTEA5IUCU55V7TAQO8Rw="},"bootstrap/glyphicons-halflings-regular-a26394f7ede100ca118eff2eda08596275a9839b959c226e15439557a5a80742.woff":{"logical_path":"bootstrap/glyphicons-halflings-regular.woff","mtime":"2020-04-07T15:33:09-04:00","size":23424,"digest":"a26394f7ede100ca118eff2eda08596275a9839b959c226e15439557a5a80742","integrity":"sha256-omOU9+3hAMoRjv8u2ghZYnWpg5uVnCJuFUOVV6WoB0I="},"bootstrap/glyphicons-halflings-regular-e395044093757d82afcb138957d06a1ea9361bdcf0b442d06a18a8051af57456.ttf":{"logical_path":"bootstrap/glyphicons-halflings-regular.ttf","mtime":"2020-04-07T15:33:09-04:00","size":45404,"digest":"e395044093757d82afcb138957d06a1ea9361bdcf0b442d06a18a8051af57456","integrity":"sha256-45UEQJN1fYKvyxOJV9BqHqk2G9zwtELQahioBRr1dFY="},"bootstrap/glyphicons-halflings-regular-42f60659d265c1a3c30f9fa42abcbb56bd4a53af4d83d316d6dd7a36903c43e5.svg":{"logical_path":"bootstrap/glyphicons-halflings-regular.svg","mtime":"2020-04-07T15:33:09-04:00","size":108738,"digest":"42f60659d265c1a3c30f9fa42abcbb56bd4a53af4d83d316d6dd7a36903c43e5","integrity":"sha256-QvYGWdJlwaPDD5+kKry7Vr1KU69Ng9MW1t16NpA8Q+U="}},"assets":{"application.js":"application-f58e7581c13bf150282c3f0c944a4fbc33ba5e55c5327aa1ba1f5021079d9a3c.js","application.css":"application-55328fab70dacdafa3f8bff7bfc96e9e0849cc0ad4a4d8bc61f64f0183b2e958.css","bootstrap/glyphicons-halflings-regular.eot":"bootstrap/glyphicons-halflings-regular-13634da87d9e23f8c3ed9108ce1724d183a39ad072e73e1b3d8cbf646d2d0407.eot","bootstrap/glyphicons-halflings-regular.woff2":"bootstrap/glyphicons-halflings-regular-fe185d11a49676890d47bb783312a0cda5a44c4039214094e7957b4c040ef11c.woff2","bootstrap/glyphicons-halflings-regular.woff":"bootstrap/glyphicons-halflings-regular-a26394f7ede100ca118eff2eda08596275a9839b959c226e15439557a5a80742.woff","bootstrap/glyphicons-halflings-regular.ttf":"bootstrap/glyphicons-halflings-regular-e395044093757d82afcb138957d06a1ea9361bdcf0b442d06a18a8051af57456.ttf","bootstrap/glyphicons-halflings-regular.svg":"bootstrap/glyphicons-halflings-regular-42f60659d265c1a3c30f9fa42abcbb56bd4a53af4d83d316d6dd7a36903c43e5.svg"}}